Prompt,Response
Is Goldsboro NC closer to St. Cloud MN or Stamford CT?,"Stamford, CT"
Is Woodbury MN closer to Medford MA or Des Plaines IL?,"Des Plaines, IL"
Is Muncie IN closer to Roswell GA or Houma LA?,"Roswell, GA"
Is Glendora CA closer to Lafayette LA or Dublin CA?,"Dublin, CA"
Is San Juan PR closer to Rome GA or Federal Way WA?,"Federal Way, WA"
Is Charleston SC closer to West Covina CA or Saginaw MI?,"Saginaw, MI"
Is Great Falls MT closer to Johnstown PA or Lexington KY?,"Lexington, KY"
Is Tempe AZ closer to Midwest City OK or Wenatchee WA?,"Midwest City, OK"
Is Midland TX closer to Round Lake Beach IL or Modesto CA?,"Modesto, CA"
Is Long Beach CA closer to Broomfield CO or Kettering OH?,"Broomfield, CO"
Is Muncie IN closer to Chula Vista CA or Ithaca NY?,"Ithaca, NY"
Is Pinellas Park FL closer to Wilmington NC or Escondido CA?,"Wilmington, NC"
Is Panama City FL closer to Centennial CO or Vista CA?,"Vista, CA"
Is Bolingbrook IL closer to Buckeye AZ or Victorville CA?,"Victorville, CA"
Is Norman OK closer to Orange CA or Berwyn IL?,"Berwyn, IL"
Is Idaho Falls ID closer to Rancho Cordova CA or Mobile AL?,"Rancho Cordova, CA"
Is Missoula MT closer to Poughkeepsie NY or North Miami FL?,"North Miami, FL"
Is Dothan AL closer to Alhambra CA or Rock Hill SC?,"Rock Hill, SC"
Is Bloomington IN closer to Watsonville CA or Traverse City MI?,"Traverse City, MI"
Is Kankakee IL closer to Cheyenne WY or Apple Valley MN?,"Apple Valley, MN"
Is Pittsburg CA closer to Ellicott City MD or Aurora IL?,"Aurora, IL"
Is Spring Valley NV closer to Bradenton FL or Chula Vista CA?,"Chula Vista, CA"
Is Arlington Heights IL closer to Shoreline WA or Maple Grove MN?,"Maple Grove, MN"
Is Pontiac MI closer to Bellevue WA or State College PA?,"State College, PA"
Is Centreville VA closer to Olathe KS or Santa Clara CA?,"Santa Clara, CA"
Is Arlington VA closer to Dallas TX or North Charleston SC?,"North Charleston, SC"
Is Leominster MA closer to St. Joseph MO or Turlock CA?,"St. Joseph, MO"
Is Reading PA closer to Sparks NV or Asheville NC?,"Asheville, NC"
Is Boca Raton FL closer to Newark OH or Burbank CA?,"Burbank, CA"
Is Pearland TX closer to Ann Arbor MI or Shreveport LA?,"Shreveport, LA"
Is Denton TX closer to Goldsboro NC or San Jose CA?,"San Jose, CA"
Is Rosemead CA closer to Pinellas Park FL or Cary NC?,"Cary, NC"
Is Laredo TX closer to Lake Elsinore CA or Irving TX?,"Irving, TX"
Is Newport News VA closer to Minnetonka MN or Waukesha WI?,"Minnetonka, MN"
Is Longmont CO closer to Arden-Arcade CA or Stillwater OK?,"Arden-Arcade, CA"
Is St. Clair Shores MI closer to Los Lunas NM or Escondido CA?,"Escondido, CA"
Is Davis CA closer to Bremerton WA or Rome GA?,"Bremerton, WA"
Is Ithaca NY closer to Alhambra CA or Knoxville TN?,"Knoxville, TN"
Is Ellicott City MD closer to Hickory NC or Pasadena CA?,"Hickory, NC"
Is Victorville CA closer to Zephyrhills FL or The Woodlands TX?,"The Woodlands, TX"
Is Scottsdale AZ closer to Town 'n' Country FL or East Orange NJ?,"East Orange, NJ"
Is Riverside CA closer to Casper WY or Long Beach CA?,"Long Beach, CA"
Is Allen TX closer to Bellingham WA or Sarasota FL?,"Sarasota, FL"
Is Chula Vista CA closer to Waterloo IA or Reno NV?,"Reno, NV"
Is Fond du Lac WI closer to Norwalk CT or Jefferson City MO?,"Jefferson City, MO"
Is Parkersburg WV closer to Round Lake Beach IL or Sandy UT?,"Sandy, UT"
Is Westland MI closer to Lexington KY or Lima OH?,"Lexington, KY"
Is Dundalk MD closer to Joplin MO or Anchorage AK?,"Anchorage, AK"
Is Harrisburg PA closer to Spring TX or New York NY?,"New York, NY"
Is Frisco TX closer to Asheville NC or Coeur d'Alene ID?,"Asheville, NC"
Is Salem OR closer to Des Moines IA or Bismarck ND?,"Des Moines, IA"
Is Sugar Land TX closer to Kingsport TN or Decatur AL?,"Kingsport, TN"
Is Livermore CA closer to Springdale AR or Novi MI?,"Novi, MI"
Is Warner Robins GA closer to Fort Myers FL or Lafayette LA?,"Fort Myers, FL"
Is North Charleston SC closer to San Rafael CA or Bay City MI?,"Bay City, MI"
Is South Fulton GA closer to Flagstaff AZ or Paramount CA?,"Flagstaff, AZ"
Is Schenectady NY closer to Leominster MA or Indio CA?,"Leominster, MA"
Is Forney TX closer to Denver CO or San Tan Valley AZ?,"Denver, CO"
Is High Point NC closer to San Mateo CA or Fargo ND?,"Fargo, ND"
Is Peoria IL closer to Jacksonville NC or Rosemead CA?,"Jacksonville, NC"
Is Palm Harbor FL closer to Berkeley CA or Costa Mesa CA?,"Costa Mesa, CA"
Is Lawrence KS closer to Cape Girardeau MO or Gadsden AL?,"Cape Girardeau, MO"
Is Utica NY closer to Allentown PA or Wichita Falls TX?,"Allentown, PA"
Is Fort Worth TX closer to Kendale Lakes FL or El Centro CA?,"Kendale Lakes, FL"
Is Kansas City KS closer to Colorado Springs CO or Ithaca NY?,"Colorado Springs, CO"
Is Greenwood IN closer to South Whittier CA or Lakeland FL?,"Lakeland, FL"
Is Stockton CA closer to Portland OR or Queens NY?,"Portland, OR"
Is Indianapolis IN closer to Miami Gardens FL or Murfreesboro TN?,"Murfreesboro, TN"
Is Portsmouth NH closer to Round Rock TX or Dubuque IA?,"Round Rock, TX"
Is North Miami FL closer to Oshkosh WI or Manhattan NY?,"Manhattan, NY"
Is Houston TX closer to Oakland CA or Delray Beach FL?,"Oakland, CA"
Is Shawnee KS closer to Vancouver WA or Battle Creek MI?,"Vancouver, WA"
Is Weston FL closer to St. Cloud MN or Richland WA?,"Richland, WA"
Is Turlock CA closer to Twin Falls ID or Fresno CA?,"Fresno, CA"
Is Hialeah FL closer to West Palm Beach FL or Oakland CA?,"West Palm Beach, FL"
Is Lancaster CA closer to Irving TX or Redding CA?,"Redding, CA"
Is Carson CA closer to Franklin TN or Stillwater OK?,"Stillwater, OK"
Is Somerville MA closer to Owensboro KY or Mayagüez PR?,"Owensboro, KY"
Is Yakima WA closer to Levittown NY or Fort Lauderdale FL?,"Fort Lauderdale, FL"
Is Tulare CA closer to Port Charlotte FL or Wheaton IL?,"Wheaton, IL"
Is League City TX closer to Green Bay WI or La Crosse WI?,"Green Bay, WI"
Is Pico Rivera CA closer to Farmington NM or Stonecrest GA?,"Farmington, NM"
Is League City TX closer to Pomona CA or Kissimmee FL?,"Kissimmee, FL"
Is Shoreline WA closer to Fayetteville AR or San Clemente CA?,"San Clemente, CA"
Is Taylorsville UT closer to Hesperia CA or Providence RI?,"Providence, RI"
Is Marysville WA closer to Slidell LA or New Haven CT?,"New Haven, CT"
Is Parma OH closer to Broken Arrow OK or Loveland CO?,"Broken Arrow, OK"
Is Irvine CA closer to Bolingbrook IL or Conway AR?,"Conway, AR"
Is Monessen PA closer to Lake Jackson TX or Dothan AL?,"Dothan, AL"
Is Sparks NV closer to Spokane WA or Columbia MD?,"Spokane, WA"
Is St. Joseph MO closer to Pocatello ID or Downey CA?,"Downey, CA"
Is Cleveland TN closer to Smyrna GA or Largo FL?,"Smyrna, GA"
Is Sumter SC closer to Seaside CA or Bonita Springs FL?,"Bonita Springs, FL"
Is Thornton CO closer to Rio Rancho NM or Vista CA?,"Rio Rancho, NM"
Is Springfield MA closer to Cape Coral FL or Montebello CA?,"Cape Coral, FL"
Is Chandler AZ closer to Davie FL or Porterville CA?,"Davie, FL"
Is Flint MI closer to Fall River MA or Cincinnati OH?,"Cincinnati, OH"
Is Pueblo CO closer to Waterbury CT or Warwick RI?,"Waterbury, CT"
Is Cathedral City CA closer to Forney TX or Burbank CA?,"Forney, TX"
Is Petaluma CA closer to Taunton MA or St. Petersburg FL?,"St. Petersburg,FL"
Is Florence SC closer to Leominster MA or Brooklyn Park MN?,"Leominster, MA"
Is Dearborn MI closer to El Paso de Robles CA or Revere MA?,"Revere, MA"
Is Winter Haven FL closer to Bethlehem PA or Bridgeport CT?,"Bethlehem, PA"
Is Revere MA closer to Gardena CA or Haverhill MA?,"Haverhill, MA"
Is Rockford IL closer to Johnson City TN or Bellevue WA?,"Johnson City, TN"
Is Peoria AZ closer to Ontario CA or Weymouth MA?,"Ontario, CA"
Is Mansfield TX closer to Blacksburg VA or Baytown TX?,"Baytown, TX"
Is Costa Mesa CA closer to Port Huron MI or Riverside CA?,"Riverside, CA"
Is Livermore CA closer to Rock Hill SC or Stamford CT?,"Stamford, CT"
Is Enterprise NV closer to Citrus Heights CA or Wesley Chapel FL?,"Citrus Heights, CA"
Is Medford OR closer to Apex NC or Green Bay WI?,"Green Bay, WI"
Is Newark NJ closer to Davenport IA or Broomfield CO?,"Davenport, IA"
Is Noblesville IN closer to Gainesville GA or Colorado Springs CO?,"Colorado Springs, CO"
Is Rancho Cordova CA closer to Palmdale CA or Columbia SC?,"Palmdale, CA"
Is Orlando FL closer to Rialto CA or O'Fallon MO?,"O'Fallon, MO"
Is Cedar Rapids IA closer to Walla Walla WA or Daphne AL?,"Daphne, AL"
Is Arden-Arcade CA closer to Broomfield CO or Bremerton WA?,"Bremerton, WA"
Is Arden-Arcade CA closer to Denver CO or Normal IL?,"Denver, CO"
Is Davis CA closer to The Woodlands TX or Woodland CA?,"Woodland, CA"
Is Pearland TX closer to Anaheim CA or St. Cloud FL?,"St. Cloud, FL"
Is Aurora CO closer to Casper WY or Columbus GA?,"Casper, WY"
Is Yakima WA closer to Brunswick GA or Nampa ID?,"Nampa, ID"
Is Thornton CO closer to Temecula CA or Pueblo CO?,"Pueblo, CO"
Is Bloomington MN closer to Tacoma WA or West Bend WI?,"West Bend, WI"
Is Brownsville TX closer to Abilene TX or West Covina CA?,"Abilene, TX"
Is Tallahassee FL closer to Carrollton TX or Shawnee KS?,"Carrollton, TX"
Is Morristown TN closer to Plantation FL or Kissimmee FL?,"Kissimmee, FL"
Is Montgomery AL closer to Silver Spring MD or San Rafael CA?,"Silver Spring, MD"
Is Davenport IA closer to Springfield OH or Beaumont CA?,"Springfield, OH"
Is Murfreesboro TN closer to Round Rock TX or Lakewood CO?,"Round Rock, TX"
Is Waldorf MD closer to St. Cloud FL or Forney TX?,"St. Cloud, FL"
Is Davie FL closer to Sioux City IA or Benton Harbor MI?,"Sioux City, IA"
Is Dundalk MD closer to Oshkosh WI or Plano TX?,"Oshkosh, WI"
Is Tucson AZ closer to Lowell MA or Brunswick GA?,"Brunswick, GA"
Is Broomfield CO closer to Levittown PA or Troy MI?,"Troy, MI"
Is Longmont CO closer to Arroyo Grande CA or St. Joseph MO?,"St. Joseph, MO"
Is Palm Harbor FL closer to Des Plaines IL or Allen TX?,"Allen, TX"
Is White Plains NY closer to Odessa TX or League City TX?,"League City, TX"
Is Lancaster CA closer to Apex NC or Ankeny IA?,"Ankeny, IA"
Is Omaha NE closer to Norfolk VA or South Hill WA?,"South Hill, WA"
Is Syracuse NY closer to Apex NC or Portland OR?,"Apex, NC"
Is Columbia SC closer to Concord NC or Irving TX?,"Concord, NC"
Is Warren MI closer to Norwalk CA or Portsmouth NH?,"Portsmouth, NH"
Is Davis CA closer to Wheeling WV or Sandy Springs GA?,"Sandy Springs, GA"
Is Cicero IL closer to Paradise NV or Johnstown PA?,"Paradise, NV"
Is Delray Beach FL closer to Weymouth MA or Brooklyn Park MN?,"Weymouth, MA"
Is East Stroudsburg PA closer to Eden Prairie MN or Fresno CA?,"Eden Prairie, MN"
Is Fountainebleau FL closer to Parma OH or Jonesboro AR?,"Jonesboro, AR"
Is Ithaca NY closer to Irving TX or Sacramento CA?,"Sacramento, CA"
Is Arvada CO closer to Pittsfield MA or Kissimmee FL?,"Kissimmee, FL"
Is El Paso de Robles CA closer to Warren MI or Sanford FL?,"El Paso de Robles, CA"
Is Apopka FL closer to La Crosse WI or Irvine CA?,"Irvine, CA"
Is Johnstown PA closer to Racine WI or The Hammocks FL?,"Racine, WI"
Is St. Cloud FL closer to Cary NC or Port Arthur TX?,"Cary, NC"
Is Miami Gardens FL closer to Spring TX or Mansfield OH?,"Spring, TX"
Is Brentwood NY closer to Forney TX or Cathedral City CA?,"Forney, TX"
Is Columbia SC closer to Kenner LA or Indio CA?,"Kenner, LA"
Is Tacoma WA closer to Texarkana TX or Valdosta GA?,"Texarkana, TX"
Is Redwood City CA closer to Garland TX or Davis CA?,"Davis, CA"
Is Longview WA closer to Paterson NJ or Springfield IL?,"Paterson, NJ"
Is Germantown MD closer to Minnetonka MN or Cupertino CA?,"Minnetonka, MN"
Is North Las Vegas NV closer to Huntersville NC or Manchester NH?,"Huntersville, NC"
Is Barnstable MA closer to Hazleton PA or Spring TX?,"Hazleton, PA"
Is Baton Rouge LA closer to Aspen Hill MD or Boynton Beach FL?,"Aspen Hill, MD"
Is Tracy CA closer to Bentonville AR or Hagerstown MD?,"Bentonville, AR"
Is Waco TX closer to Rochester Hills MI or Barnstable MA?,"Rochester Hills, MI"
Is Santa Fe NM closer to Bethesda MD or Ponce PR?,"Bethesda, MD"
Is Bristol TN closer to Arcadia CA or Pawtucket RI?,"Pawtucket, RI"
Is Methuen Town MA closer to Chico CA or Woodbury MN?,"Woodbury, MN"
Is Tulare CA closer to Springfield OH or Fond du Lac WI?,"Springfield, OH"
Is Taunton MA closer to Lakeland FL or Pico Rivera CA?,"Lakeland, FL"
Is Brunswick GA closer to Alexandria LA or Florence AL?,"Alexandria, LA"
Is Hialeah FL closer to Coconut Creek FL or Muncie IN?,"Coconut Creek, FL"
Is San Diego CA closer to Lebanon PA or Taylorsville UT?,"San Diego, CA"
Is Toledo OH closer to Dover DE or Jackson MS?,"Dover, DE"
Is Lewiston ME closer to Athens GA or Mobile AL?,"Lewiston, ME"
Is High Point NC closer to North Richland Hills TX or New Haven CT?,"North Richland Hills, TX"
Is Burnsville MN closer to New Braunfels TX or Skokie IL?,"New Braunfels, TX"
Is Topeka KS closer to Cedar Park TX or Vista CA?,"Cedar Park, TX"
Is Lafayette LA closer to San Rafael CA or Smyrna GA?,"San Rafael, CA"
Is Chicago IL closer to Lake Havasu City AZ or Nashua NH?,"Nashua, NH"
Is Alafaya FL closer to Fresno CA or Hagerstown MD?,"Hagerstown, MD"
Is Medford MA closer to Bossier City LA or Miami Beach FL?,"Miami Beach, FL"
Is Middletown OH closer to Winchester VA or Federal Way WA?,"Winchester, VA"
Is Port Huron MI closer to Sacramento CA or Springfield MA?,"Springfield, MA"
Is Portsmouth NH closer to Jackson MI or Santa Monica CA?,"Jackson, MI"
Is Richmond CA closer to Philadelphia PA or Pasco WA?,"Philadelphia, PA"
Is Athens GA closer to Los Lunas NM or Frisco TX?,"Los Lunas, NM"
Is Carson CA closer to Poughkeepsie NY or Pico Rivera CA?,"Poughkeepsie, NY"
Is Jersey City NJ closer to Glens Falls NY or Denton TX?,"Glens Falls, NY"
Is Elkhart IN closer to Wilmington DE or Chula Vista CA?,"Wilmington, DE"
Is Victorville CA closer to Charlotte NC or Indianapolis IN?,"Indianapolis, IN"
Is Tacoma WA closer to Medford OR or Bakersfield CA?,"Medford, OR"
Is Escondido CA closer to Spring Valley NV or Lincoln NE?,"Spring Valley, NV"
Is Houma LA closer to Davie FL or Hampton VA?,"Davie, FL"
Is Conway AR closer to Omaha NE or Cape Girardeau MO?,"Omaha, NE"
Is Sierra Vista AZ closer to Portsmouth VA or League City TX?,"League City, TX"
Is Pottstown PA closer to Carbondale IL or Lake Charles LA?,"Carbondale, IL"
Is Fond du Lac WI closer to Hanford CA or Hoboken NJ?,"Hanford, CA"
Is Frederick MD closer to The Hammocks FL or El Paso de Robles CA?,"The Hammocks, FL"
Is Green Bay WI closer to Lake Elsinore CA or South Hill WA?,"Lake Elsinore, CA"
Is Killeen TX closer to Peoria IL or Deerfield Beach FL?,"Peoria, IL"
Is Lubbock TX closer to Cartersville GA or Lawrence MA?,"Cartersville, GA"
Is Redlands CA closer to Bronx NY or Lakewood WA?,"Lakewood, WA"
Is Lawrence MA closer to Milpitas CA or Smyrna TN?,"Smyrna, TN"
Is Bronx NY closer to Saginaw MI or Bayamón PR?,"Bayamón, PR"
Is Escondido CA closer to Kettering OH or San Ramon CA?,"San Ramon, CA"
Is Muncie IN closer to Apple Valley CA or Hoboken NJ?,"Hoboken, NJ"
Is Sparks NV closer to Flagstaff AZ or San Francisco CA?,"San Francisco, CA"
Is Brownsville TX closer to Highlands Ranch CO or Lynn MA?,"Lynn, MA"
Is Hickory NC closer to Nashville TN or Livermore CA?,"Nashville, TN"
Is Lorain OH closer to Portland ME or Tacoma WA?,"Portland, ME"
Is Edinburg TX closer to Longmont CO or New Bern NC?,"Longmont, CO"
Is Brentwood NY closer to Meridian ID or Metairie LA?,"Metairie, LA"
Is Bridgeport CT closer to Wichita Falls TX or Concord NC?,"Concord, NC"
Is Boynton Beach FL closer to Peoria IL or Eagan MN?,"Peoria, IL"
Is Albany GA closer to Salisbury MD or San Mateo CA?,"Salisbury, MD"
Is Columbus OH closer to Asheville NC or Kennewick WA?,"Asheville, NC"
Is Denver CO closer to Olathe KS or Carrollton TX?,"Olathe, KS"
Is West Jordan UT closer to Lakeland FL or Casa Grande AZ?,"Lakeland, FL"
Is Springfield OH closer to Concord NC or Pleasanton CA?,"Concord, NC"
Is New Britain CT closer to New Braunfels TX or York PA?,"York, PA"
Is Riverside CA closer to Decatur IL or Deerfield Beach FL?,"Deerfield Beach, FL"
Is Long Beach CA closer to Jersey City NJ or Tracy CA?,"Tracy, CA"
Is Simi Valley CA closer to Idaho Falls ID or Homestead FL?,"Homestead, FL"
Is West Lafayette IN closer to El Paso de Robles CA or Boise ID?,"Boise, ID"
Is Everett WA closer to Walla Walla WA or Eden Prairie MN?,"Walla Walla, WA"
Is Lancaster CA closer to Paramount CA or Saratoga Springs NY?,"Paramount, CA"
Is Naperville IL closer to Kent WA or Columbia SC?,"Columbia, SC"
Is Chapel Hill NC closer to Elmira NY or Holland MI?,"Holland, MI"
Is Berwyn IL closer to Rochester Hills MI or Gainesville GA?,"Rochester Hills, MI"
Is Gilroy CA closer to Port St. Lucie FL or Bradenton FL?,"Port St. Lucie, FL"
Is Clovis CA closer to Bellevue WA or Homestead FL?,"Bellevue, WA"
Is Lee's Summit MO closer to Corvallis OR or Perth Amboy NJ?,"Corvallis, OR"
Is St. Clair Shores MI closer to Conroe TX or Dover DE?,"Dover, DE"
Is El Paso TX closer to Wellington FL or Stillwater OK?,"Stillwater, OK"
Is Allentown PA closer to West Valley City UT or St. George UT?,"West Valley City, UT"
Is Tucson AZ closer to Daly City CA or Cranston RI?,"Daly City, CA"
Is The Hammocks FL closer to La Crosse WI or Mansfield TX?,"La Crosse, WI"
Is Long Beach CA closer to Mission TX or Duluth MN?,"Duluth, MN"
Is Santee CA closer to Fort Worth TX or Rogers AR?,"Fort Worth, TX"
Is Daly City CA closer to Waterloo IA or Bonita Springs FL?,"Waterloo, IA"
Is Las Cruces NM closer to St. Charles MO or Texarkana TX?,"St. Charles, MO"
Is Pocatello ID closer to Apple Valley CA or Lake Jackson TX?,"Apple Valley, CA"
Is Philadelphia PA closer to San Juan PR or Mauldin SC?,"San Juan, PR"
Is Boulder CO closer to Pearland TX or Barnstable MA?,"Pearland, TX"
Is Morristown TN closer to Newark OH or Taylor MI?,"Newark, OH"
Is North Richland Hills TX closer to Levittown PA or Morgantown WV?,"Levittown, PA"
Is Gilbert AZ closer to Gilroy CA or Bolingbrook IL?,"Gilroy, CA"
Is Somerville MA closer to Bloomington MN or Cicero IL?,"Bloomington, MN"
Is North Charleston SC closer to Gresham OR or Westland MI?,"Gresham, OR"
Is Plymouth MN closer to Jacksonville FL or Kansas City KS?,"Jacksonville, FL"
Is Dublin CA closer to San Jose CA or Gilbert AZ?,"San Jose, CA"
Is Albany OR closer to Coral Springs FL or Manchester NH?,"Manchester, NH"
Is Traverse City MI closer to Tulare CA or Coeur d'Alene ID?,"Coeur d'Alene, ID"
Is Rockville MD closer to Hacienda Heights CA or Denton TX?,"Hacienda Heights, CA"
Is Oak Park IL closer to State College PA or Virginia Beach VA?,"State College, PA"
Is Loveland CO closer to Columbus GA or Santa Maria CA?,"Santa Maria, CA"
Is Portsmouth VA closer to Kansas City KS or Lake Forest CA?,"Kansas City, KS"
Is Houston TX closer to Guaynabo PR or Fairfield CA?,"Guaynabo, PR"
Is Livermore CA closer to Tuscaloosa AL or Antioch CA?,"Tuscaloosa, AL"
Is Spring TX closer to Corvallis OR or Temple TX?,"Temple, TX"
Is Baytown TX closer to Hamilton OH or Livermore CA?,"Hamilton, OH"
Is Cleveland OH closer to Lauderhill FL or Westland MI?,"Lauderhill, FL"
Is Brentwood CA closer to North Port FL or Eagle Pass TX?,"North Port, FL"
Is Casper WY closer to Kalamazoo MI or Daytona Beach FL?,"Kalamazoo, MI"
Is Lorain OH closer to Aurora IL or San Francisco CA?,"San Francisco, CA"
Is Leander TX closer to Johns Creek GA or Hanover PA?,"Johns Creek, GA"
Is Dalton GA closer to Rio Rancho NM or Hanover PA?,"Rio Rancho, NM"
Is Hialeah FL closer to Alton IL or Edina MN?,"Edina, MN"
Is Kingston NY closer to Chandler AZ or League City TX?,"League City, TX"
Is Hesperia CA closer to Upland CA or San Tan Valley AZ?,"Upland, CA"
Is Harrisonburg VA closer to Bozeman MT or Wheeling WV?,"Wheeling, WV"
Is Kendale Lakes FL closer to Newark NJ or Bryan TX?,"Newark, NJ"
Is Danbury CT closer to Bethlehem PA or Springfield IL?,"Bethlehem, PA"
Is Lansing MI closer to Fremont CA or Chandler AZ?,"Fremont, CA"
Is Stockton CA closer to Brentwood NY or Stillwater OK?,"Brentwood, NY"
Is Palm Bay FL closer to Oxnard CA or Texarkana TX?,"Oxnard, CA"
Is Amarillo TX closer to Sandy Springs GA or Bozeman MT?,"Sandy Springs, GA"
Is Glendora CA closer to Overland Park KS or Alafaya FL?,"Overland Park, KS"
Is Bethesda MD closer to Columbia MD or Lakewood CA?,"Columbia, MD"
Is Lake Charles LA closer to Homestead FL or Duluth MN?,"Homestead, FL"
Is Lynwood CA closer to Dale City VA or Lacey WA?,"Dale City, VA"
Is Port Arthur TX closer to Clearwater FL or Columbus OH?,"Clearwater, FL"
Is Bethlehem PA closer to Hialeah FL or Rocklin CA?,"Hialeah, FL"
Is Lake Elsinore CA closer to Miami FL or Auburn WA?,"Miami, FL"
Is Brunswick GA closer to Beloit WI or Henderson NV?,"Beloit, WI"
Is Lynn MA closer to Casper WY or Taylorsville UT?,"Casper, WY"
Is Seaside CA closer to Glendora CA or Greeley CO?,"Glendora, CA"
Is Louisville KY closer to Kendale Lakes FL or Morristown TN?,"Kendale Lakes, FL"
Is Daly City CA closer to Huntersville NC or Garland TX?,"Huntersville, NC"
Is Portland ME closer to Wilmington DE or Davis CA?,"Wilmington, DE"
Is Binghamton NY closer to Rochester MN or Round Lake Beach IL?,"Round Lake Beach, IL"
Is Summerville SC closer to Myrtle Beach SC or Skokie IL?,"Myrtle Beach, SC"
Is Atascocita TX closer to Bellevue WA or Monessen PA?,"Bellevue, WA"
Is Orland Park IL closer to Salem OR or Cathedral City CA?,"Salem, OR"
Is Taunton MA closer to Largo FL or Winchester VA?,"Largo, FL"
Is Brunswick GA closer to Springdale AR or North Las Vegas NV?,"Springdale, AR"
Is The Woodlands TX closer to Meridian ID or Johns Creek GA?,"Meridian, ID"
Is Petaluma CA closer to Fall River MA or Vacaville CA?,"Vacaville, CA"
Is Chambersburg PA closer to Sahuarita AZ or Lewisville TX?,"Lewisville, TX"
Is San Francisco CA closer to Midwest City OK or Westminster CA?,"Westminster, CA"
Is Norwalk CT closer to Pittsburgh PA or Spring Valley NV?,"Pittsburgh, PA"
Is Surprise AZ closer to Rosemead CA or Joplin MO?,"Rosemead, CA"
Is Dalton GA closer to High Point NC or Rockville MD?,"High Point, NC"
Is Leominster MA closer to Baldwin Park CA or Lafayette CO?,"Lafayette, CO"
Is Oceanside CA closer to Westland MI or Las Vegas NV?,"Las Vegas, NV"
Is Bloomington MN closer to Davis CA or Rogers AR?,"Rogers, AR"
Is Mayagüez PR closer to Dale City VA or Chapel Hill NC?,"Chapel Hill, NC"
Is Kennewick WA closer to Fremont CA or Orland Park IL?,"Fremont, CA"
Is North Las Vegas NV closer to Aloha OR or Collierville TN?,"Aloha, OR"
Is Cranston RI closer to Inglewood CA or Austin TX?,"Inglewood, CA"
Is Monterey Park CA closer to Fullerton CA or Fort Smith AR?,"Fullerton, CA"
Is Wausau WI closer to Springfield MO or Highland CA?,"Springfield, MO"
Is La Mesa CA closer to Asheville NC or Lancaster CA?,"Lancaster, CA"
Is Plantation FL closer to Grand Prairie TX or Clovis CA?,"Grand Prairie, TX"
Is Apple Valley CA closer to Bloomington MN or New York NY?,"New York, NY"
Is Vancouver WA closer to Bloomington IN or Columbia SC?,"Bloomington, IN"
Is Margate FL closer to Waldorf MD or Pottstown PA?,"Waldorf, MD"
Is Cary NC closer to Staunton VA or Santa Rosa CA?,"Staunton, VA"
Is Lakewood WA closer to Panama City FL or Fall River MA?,"Fall River, MA"
Is Spring TX closer to Oshkosh WI or Palm Beach Gardens FL?,"Palm Beach Gardens, FL"
Is Grapevine TX closer to Germantown MD or Indianapolis IN?,"Indianapolis, IN"
Is Richardson TX closer to Athens GA or Dover DE?,"Athens, GA"
Is Arlington TX closer to Commerce City CO or Pittsburgh PA?,"Pittsburgh, PA"
Is Athens GA closer to Kennewick WA or Wichita Falls TX?,"Wichita Falls, TX"
Is Baldwin Park CA closer to St. Joseph MO or Yonkers NY?,"Yonkers, NY"
Is Staunton VA closer to Manhattan NY or Bradenton FL?,"Manhattan, NY"
Is Kingston NY closer to Orlando FL or South San Francisco CA?,"Orlando, FL"
Is Fairfield CA closer to Centreville VA or Warner Robins GA?,"Centreville, VA"
Is Vineland NJ closer to Lakeville MN or Bethesda MD?,"Bethesda, MD"
Is Pasadena TX closer to West Valley City UT or Vancouver WA?,"West Valley City, UT"
Is Rogers AR closer to Pharr TX or Columbus GA?,"Pharr, TX"
Is Des Plaines IL closer to Cupertino CA or Palm Desert CA?,"Cupertino, CA"
Is Dayton OH closer to Surprise AZ or Raleigh NC?,"Raleigh, NC"
Is Wylie TX closer to Longmont CO or Hacienda Heights CA?,"Longmont, CO"
Is Waco TX closer to Grand Forks ND or Gastonia NC?,"Grand Forks, ND"
Is Fond du Lac WI closer to Corona CA or Stamford CT?,"Stamford, CT"
Is Schenectady NY closer to Kansas City KS or Huntington Beach CA?,"Kansas City, KS"
Is Grand Forks ND closer to Fayetteville AR or Casas Adobes AZ?,"Fayetteville, AR"
Is Porterville CA closer to Missoula MT or Malden MA?,"Malden, MA"
Is Corpus Christi TX closer to Green Bay WI or Miami Beach FL?,"Green Bay, WI"
Is Denver CO closer to Gainesville GA or Southfield MI?,"Gainesville, GA"
Is Encinitas CA closer to Boston MA or Florence-Graham CA?,"Boston, MA"
Is Cambridge MA closer to Clifton NJ or Gainesville FL?,"Clifton, NJ"
Is Marietta GA closer to Ellicott City MD or Maple Grove MN?,"Ellicott City, MD"
Is Palo Alto CA closer to Bethesda MD or Gainesville GA?,"Bethesda, MD"
Is Myrtle Beach SC closer to Slidell LA or Rock Hill SC?,"Slidell, LA"
Is Santa Maria CA closer to St. Augustine FL or Rapid City SD?,"St. Augustine, FL"
Is Deltona FL closer to Costa Mesa CA or Brentwood CA?,"Costa Mesa, CA"
Is Coeur d'Alene ID closer to Fremont CA or Memphis TN?,"Fremont, CA"
Is Greenwood IN closer to Midwest City OK or Port Arthur TX?,"Midwest City, OK"
Is Bangor ME closer to Hanford CA or Palm Harbor FL?,"Hanford, CA"
Is Warren MI closer to Cedar Rapids IA or Charleston SC?,"Cedar Rapids, IA"
Is Suffolk VA closer to Rogers AR or Pasadena CA?,"Rogers, AR"
Is Santa Maria CA closer to Norwalk CA or Myrtle Beach SC?,"Norwalk, CA"
Is High Point NC closer to Carson CA or Plantation FL?,"Carson, CA"
Is Kendale Lakes FL closer to Denton TX or Pueblo CO?,"Denton, TX"
Is Alameda CA closer to Twin Falls ID or Orland Park IL?,"Twin Falls, ID"
Is Milwaukee WI closer to Carmel IN or West Allis WI?,"Carmel, IN"
Is Casper WY closer to Iowa City IA or Norwalk CA?,"Iowa City, IA"
Is Fountainebleau FL closer to Waltham MA or Salinas CA?,"Waltham, MA"
Is Silver Spring MD closer to Lakewood CA or Framingham MA?,"Lakewood, CA"
Is Forney TX closer to Bangor ME or Merced CA?,"Bangor, ME"
Is Poughkeepsie NY closer to Sierra Vista AZ or San Clemente CA?,"Sierra Vista, AZ"
Is Sioux City IA closer to Duluth MN or Sierra Vista AZ?,"Duluth, MN"
Is Hacienda Heights CA closer to Augusta GA or Daytona Beach FL?,"Augusta, GA"
Is Palm Bay FL closer to Woodland CA or Newark OH?,"Woodland, CA"
Is Hammond IN closer to Pittsburg CA or Fargo ND?,"Pittsburg, CA"
Is Grand Forks ND closer to Greensboro NC or Nampa ID?,"Fargo, ND"
Is North Richland Hills TX closer to Anniston AL or Flint MI?,"Anniston, AL"
Is Palm Harbor FL closer to Moreno Valley CA or Greenville NC?,"Moreno Valley, CA"
Is Eastvale CA closer to Meriden CT or Spartanburg SC?,"Meriden, CT"
Is Evanston IL closer to Sparks NV or Davie FL?,"Sparks, NV"
Is North Charleston SC closer to Farmington Hills MI or Denton TX?,"Farmington Hills, MI"
Is Dover NH closer to Houston TX or Lompoc CA?,"Houston, TX"
Is Moore OK closer to Goodyear AZ or St. Cloud MN?,"Goodyear, AZ"
Is Fargo ND closer to Denton TX or Oshkosh WI?,"Denton, TX"
Is Milwaukee WI closer to Brockton MA or Overland Park KS?,"Brockton, MA"
Is Waterbury CT closer to Pontiac MI or Kingston NY?,"Pontiac, MI"
Is Amarillo TX closer to Shawnee KS or Lansing MI?,"Shawnee, KS"
Is Weirton WV closer to Evansville IN or Santa Barbara CA?,"Evansville, IN"
Is Casas Adobes AZ closer to Wheeling WV or Bowling Green KY?,"Wheeling, WV"
Is Murrieta CA closer to Pocatello ID or Buckeye AZ?,"Buckeye, AZ"
Is Denton TX closer to Jackson TN or Glendora CA?,"Jackson, TN"
Is San Bernardino CA closer to Owensboro KY or Sumter SC?,"Owensboro, KY"
Is Shawnee KS closer to Pembroke Pines FL or Lawrence KS?,"Pembroke Pines, FL"
Is Canton OH closer to Mansfield TX or La Crosse WI?,"Mansfield, TX"
Is Janesville WI closer to Apopka FL or Castro Valley CA?,"Apopka, FL"
Is Gulfport MS closer to Centreville VA or Riverview FL?,"Centreville, VA"
Is Yuma AZ closer to Trenton NJ or Asheville NC?,"Trenton, NJ"
Is Bloomington MN closer to Peabody MA or Alton IL?,"Peabody, MA"
Is Lakewood WA closer to San Juan PR or Florence AL?,"San Juan, PR"
Is Salinas CA closer to Santa Ana CA or Waterloo IA?,"Santa Ana, CA"
Is McAllen TX closer to San Rafael CA or Cranston RI?,"San Rafael, CA"
Is Hemet CA closer to Palm Beach Gardens FL or Irving TX?,"Palm Beach Gardens, FL"
Is New Brunswick NJ closer to Lowell MA or Delray Beach FL?,"Lowell, MA"
Is Grand Junction CO closer to Kettering OH or Kissimmee FL?,"Kettering, OH"
Is Saginaw MI closer to Mesquite TX or Lafayette IN?,"Mesquite, TX"
Is Novato CA closer to Mishawaka IN or Apex NC?,"Mishawaka, IN"
Is Shawnee KS closer to Winston-Salem NC or Alafaya FL?,"Winston-Salem, NC"
Is Lewisville TX closer to League City TX or Davenport IA?,"League City, TX"
Is Kalamazoo MI closer to Omaha NE or Beaumont TX?,"Omaha, NE"
Is Oshkosh WI closer to Springdale AR or Ellicott City MD?,"Ellicott City, MD"
Is Lima OH closer to Margate FL or Brooklyn NY?,"Brooklyn, NY"
Is Bellflower CA closer to Poughkeepsie NY or Casas Adobes AZ?,"Casas Adobes, AZ"
Is South Hill WA closer to Corpus Christi TX or Roanoke VA?,"Corpus Christi, TX"
Is The Hammocks FL closer to Pittsburg CA or Midland TX?,"Midland, TX"
Is Anniston AL closer to Fort Wayne IN or Pflugerville TX?,"Fort Wayne, IN"
Is Tulare CA closer to South Hill WA or Pasadena CA?,"Pasadena, CA"
Is Brentwood CA closer to Gilbert AZ or Winter Haven FL?,"Gilbert, AZ"
Is Dover NH closer to Springdale AR or West Lafayette IN?,"Dover, NH"
Is Santa Fe NM closer to Lake Forest CA or Tulare CA?,"Lake Forest, CA"
Is Oceanside CA closer to Lewiston ME or Danbury CT?,"Danbury, CT"
Is Fayetteville NC closer to Greenville SC or Skokie IL?,"Greenville, SC"
Is Dearborn MI closer to Antioch CA or Bullhead City AZ?,"Antioch, CA"
Is Edmond OK closer to Baytown TX or Seaside CA?,"Baytown, TX"
Is Collierville TN closer to Bremerton WA or Rocklin CA?,"Rocklin, CA"
Is Lenexa KS closer to Mayagüez PR or Clovis CA?,"Clovis, CA"
Is Conroe TX closer to Hoffman Estates IL or Middletown NY?,"Hoffman Estates, IL"
Is Union City NJ closer to Elk Grove CA or Kannapolis NC?,"Elk Grove, CA"
Is Denton TX closer to New Haven CT or Pine Hills FL?,"Pine Hills, FL"
Is Casa Grande AZ closer to Indio CA or Plantation FL?,"Indio, CA"
Is DeSoto TX closer to Albany OR or Downey CA?,"Downey, CA"
Is Sioux City IA closer to Meridian ID or Hesperia CA?,"Meridian, ID"
Is Casa Grande AZ closer to York PA or Blaine MN?,"Blaine, MN"
Is Menifee CA closer to Huntsville AL or Gardena CA?,"Gardena, CA"
Is Rancho Cordova CA closer to Kingston NY or Schaumburg IL?,"Kingston, NY"
Is New Rochelle NY closer to Orlando FL or Coconut Creek FL?,"Orlando, FL"
Is Aspen Hill MD closer to Stamford CT or Rocklin CA?,"Stamford, CT"
Is Lakewood CO closer to Lakewood CA or Alexandria LA?,"Lakewood, CA"
Is Johns Creek GA closer to Muskegon MI or Lake Jackson TX?,"Muskegon, MI"
Is Yuma AZ closer to Paramount CA or Charlottesville VA?,"Paramount, CA"
Is La Crosse WI closer to Hot Springs AR or Springfield MA?,"Hot Springs, AR"
Is Columbus IN closer to Cedar Rapids IA or Zephyrhills FL?,"Cedar Rapids, IA"
Is Bayonne NJ closer to Mandeville LA or Taylor MI?,"Mandeville, LA"
Is Kingsport TN closer to Napa CA or Ontario CA?,"Ontario, CA"
Is Springfield OR closer to Gaithersburg MD or Tempe AZ?,"Tempe, AZ"
Is Port Arthur TX closer to Kokomo IN or Menifee CA?,"Kokomo, IN"
Is Palm Desert CA closer to Jacksonville FL or Collierville TN?,"Jacksonville, FL"
Is Williamsburg VA closer to Waterloo IA or Wylie TX?,"Waterloo, IA"
Is Elgin IL closer to Casas Adobes AZ or Chicago IL?,"Chicago, IL"
Is Salt Lake City UT closer to Clearwater FL or Boynton Beach FL?,"Clearwater, FL"
Is Bay City MI closer to Edinburg TX or Sunrise Manor NV?,"Edinburg, TX"
Is Cedar Rapids IA closer to Lake Charles LA or Warwick RI?,"Lake Charles, LA"
Is Warner Robins GA closer to Spartanburg SC or Cedar Park TX?,"Spartanburg, SC"
Is Caldwell ID closer to Lancaster CA or St. Joseph MO?,"Lancaster, CA"
Is Paradise NV closer to Beaumont CA or Rockville MD?,"Beaumont, CA"
Is Arlington TX closer to Round Rock TX or Albany OR?,"Round Rock, TX"
Is Hagerstown MD closer to Redlands CA or Newark OH?,"Redlands, CA"
Is Reading PA closer to Wesley Chapel FL or Fairfield CA?,"Wesley Chapel, FL"
Is Sherman TX closer to Lafayette LA or San Luis Obispo CA?,"Lafayette, LA"
Is Bloomington IN closer to Hoffman Estates IL or Springfield MO?,"Hoffman Estates, IL"
Is Temecula CA closer to Hampton VA or Pomona CA?,"Pomona, CA"
Is Royal Oak MI closer to Lawrence MA or Roseville CA?,"Lawrence, MA"
Is Norman OK closer to North Little Rock AR or Burbank CA?,"North Little Rock, AR"
Is Canton OH closer to Spring Valley NV or Rock Hill SC?,"Spring Valley, NV"
Is Elkhart IN closer to Beckley WV or Vacaville CA?,"Beckley, WV"
Is Manhattan NY closer to Highlands Ranch CO or Monessen PA?,"Highlands Ranch, CO"
Is Chattanooga TN closer to Westland MI or Corona CA?,"Westland, MI"
Is Asheville NC closer to Peabody MA or Spokane Valley WA?,"Peabody, MA"
Is Taylorsville UT closer to Scranton PA or South Gate CA?,"Scranton, PA"
Is Diamond Bar CA closer to Burien WA or Milpitas CA?,"Burien, WA"
Is Levittown NY closer to High Point NC or Carlsbad CA?,"High Point, NC"
Is Ithaca NY closer to Knoxville TN or National City CA?,"Knoxville, TN"
Is Perris CA closer to Myrtle Beach SC or Hickory NC?,"Myrtle Beach, SC"
Is Santee CA closer to Dayton OH or Lewiston ID?,"Dayton, OH"
Is Corpus Christi TX closer to Flint MI or Porterville CA?,"Flint, MI"
Is Chesapeake VA closer to Philadelphia PA or Peoria AZ?,"Philadelphia, PA"
Is Meriden CT closer to Grants Pass OR or Harlingen TX?,"Grants Pass, OR"
Is Casas Adobes AZ closer to Milwaukee WI or San Clemente CA?,"Milwaukee, WI"
Is Jefferson City MO closer to Savannah GA or Mesquite TX?,"Savannah, GA"
Is Sunnyvale CA closer to Yorba Linda CA or Springdale AR?,"Yorba Linda, CA"
Is Trenton NJ closer to Billings MT or Mishawaka IN?,"Billings, MT"
Is Twin Falls ID closer to Loveland CO or Bloomington IL?,"Loveland, CO"
Is Spring TX closer to Pompano Beach FL or Clearwater FL?,"Pompano Beach, FL"
Is St. Cloud MN closer to Wyoming MI or High Point NC?,"Wyoming, MI"
Is Albuquerque NM closer to Bethlehem PA or Odessa TX?,"Bethlehem, PA"
Is Union City CA closer to Grand Forks ND or Lynwood CA?,"Lynwood, CA"
Is Edinburg TX closer to Santa Cruz CA or Lewisville TX?,"Santa Cruz, CA"
Is Delray Beach FL closer to Concord CA or Hattiesburg MS?,"Concord, CA"
Is Little Rock AR closer to South Lyon MI or El Paso TX?,"South Lyon, MI"
Is Charlottesville VA closer to Zephyrhills FL or Sioux City IA?,"Zephyrhills, FL"
Is Montebello CA closer to Fremont CA or Paramount CA?,"Fremont, CA"
Is Texas City TX closer to West Des Moines IA or Dothan AL?,"West Des Moines, IA"
Is Lacey WA closer to Cookeville TN or Corona CA?,"Cookeville, TN"
Is Eagle Pass TX closer to Clifton NJ or Houston TX?,"Clifton, NJ"
Is Fort Lauderdale FL closer to Lincoln NE or New Britain CT?,"Lincoln, NE"
Is The Woodlands TX closer to Cambridge MA or Bellflower CA?,"Cambridge, MA"
Is Cleveland TN closer to Joliet IL or Rowland Heights CA?,"Joliet, IL"
Is Davis CA closer to Parma OH or Bethesda MD?,"Parma, OH"
Is Riverview FL closer to Olympia WA or Harrisonburg VA?,"Olympia, WA"
Is Hollywood FL closer to Galveston TX or West Valley City UT?,"Galveston, TX"
Is High Point NC closer to Kokomo IN or North Las Vegas NV?,"Kokomo, IN"
Is Utica NY closer to Mesa AZ or Kissimmee FL?,"Mesa, AZ"
Is Alhambra CA closer to Franklin TN or Concord CA?,"Franklin, TN"
Is Wellington FL closer to Richland WA or Margate FL?,"Richland, WA"
Is Bloomington MN closer to Parkersburg WV or Columbia MD?,"Parkersburg, WV"
Is Bentonville AR closer to Allen TX or Pocatello ID?,"Allen, TX"
Is Orem UT closer to Milpitas CA or Waukegan IL?,"Milpitas, CA"
Is Carbondale IL closer to Salt Lake City UT or Merced CA?,"Salt Lake City, UT"
Is Altoona PA closer to Escondido CA or Hoover AL?,"Hoover, AL"
Is Albany OR closer to Moore OK or Carson City NV?,"Carson City, NV"
Is Georgetown TX closer to Montgomery AL or Towson MD?,"Montgomery, AL"
Is Pinellas Park FL closer to Clovis CA or Mayagüez PR?,"Clovis, CA"
Is Arlington VA closer to Lodi CA or Palm Coast FL?,"Palm Coast, FL"
Is Cranston RI closer to Kentwood MI or Bay City MI?,"Kentwood, MI"
Is Provo UT closer to Lehigh Acres FL or Longmont CO?,"Longmont, CO"
Is Reading PA closer to Amarillo TX or Normal IL?,"Normal, IL"
Is Avondale AZ closer to Bismarck ND or San Luis Obispo CA?,"San Luis Obispo, CA"
Is Collierville TN closer to Margate FL or West New York NJ?,"Margate, FL"
Is National City CA closer to Rome GA or Margate FL?,"Rome, GA"
Is Fresno CA closer to Sioux Falls SD or West Palm Beach FL?,"Sioux Falls, SD"
Is Boulder CO closer to Ellicott City MD or Dallas TX?,"Dallas, TX"
Is Rapid City SD closer to Leominster MA or Gulfport MS?,"Leominster, MA"
Is Pembroke Pines FL closer to Maricopa AZ or Grand Junction CO?,"Maricopa, AZ"
Is St. Peters MO closer to Delray Beach FL or Brooklyn NY?,"Delray Beach, FL"
Is Davis CA closer to Waterloo IA or Grand Island NE?,"Waterloo, IA"
Is Overland Park KS closer to North Little Rock AR or Moreno Valley CA?,"North Little Rock, AR"
Is Sheboygan WI closer to Westminster CA or Eden Prairie MN?,"Eden Prairie, MN"
Is Orange CA closer to Stockton CA or Fort Wayne IN?,"Stockton, CA"
Is Rock Hill SC closer to South Whittier CA or Seaside CA?,"South Whittier, CA"
Is Jurupa Valley CA closer to Herriman UT or Rochester MN?,"Herriman, UT"
Is Indio CA closer to Madera CA or Lehi UT?,"Madera, CA"
Is Lakewood WA closer to Los Lunas NM or Milwaukee WI?,"Milwaukee, WI"
Is Goldsboro NC closer to Hickory NC or Chattanooga TN?,"Hickory, NC"
Is South Bend IN closer to Clifton NJ or Stonecrest GA?,"Clifton, NJ"
Is Coeur d'Alene ID closer to Tucson AZ or Cape Coral FL?,"Tucson, AZ"
Is Spring Valley NV closer to Milford city  CT or Decatur AL?,"Milford city , CT"
Is Kalamazoo MI closer to Hattiesburg MS or Odessa TX?,"Hattiesburg, MS"
Is Ames IA closer to Lawrence MA or Glendora CA?,"Lawrence, MA"
Is Lake Forest CA closer to Waukesha WI or Wichita KS?,"Waukesha, WI"
Is Novi MI closer to Compton CA or Lauderhill FL?,"Compton, CA"
Is Brentwood CA closer to Rochester MN or Cheyenne WY?,"Rochester, MN"
Is San Mateo CA closer to Tigard OR or Norwich CT?,"Tigard, OR"
Is Cheyenne WY closer to Carson City NV or Zephyrhills FL?,"Carson City, NV"
Is Rochester MN closer to Youngstown OH or Plantation FL?,"Youngstown, OH"
Is Great Falls MT closer to Anderson SC or North Las Vegas NV?,"Anderson, SC"
Is Raleigh NC closer to Glendora CA or Winchester VA?,"Winchester, VA"
Is Harrisburg PA closer to Beaumont TX or Gilroy CA?,"Gilroy, CA"
Is El Monte CA closer to Caguas PR or Pasadena CA?,"Pasadena, CA"
Is Levittown NY closer to Sunrise FL or Torrance CA?,"Sunrise, FL"
Is Highland CA closer to Fayetteville NC or Sparks NV?,"Fayetteville, NC"
Is Provo UT closer to Watertown NY or Rosemead CA?,"Watertown, NY"
Is Kendale Lakes FL closer to Kokomo IN or Lauderhill FL?,"Lauderhill, FL"
Is Cheyenne WY closer to Millcreek UT or Kissimmee FL?,"Millcreek, UT"
Is Lancaster PA closer to Coon Rapids MN or Haverhill MA?,"Coon Rapids, MN"
Is Michigan City IN closer to Elyria OH or Jefferson City MO?,"Elyria, OH"
Is Gulfport MS closer to Prescott Valley AZ or Port St. Lucie FL?,"Prescott Valley, AZ"
Is Staunton VA closer to Saginaw MI or Lancaster CA?,"Saginaw, MI"
Is Boulder CO closer to Fort Collins CO or Simi Valley CA?,"Fort Collins, CO"
Is New Brunswick NJ closer to Dale City VA or Auburn WA?,"Dale City, VA"
Is Lewiston ID closer to Pittsburgh PA or San Juan PR?,"Pittsburgh, PA"
Is Severn MD closer to Hamilton OH or Bronx NY?,"Hamilton, OH"
Is Bartlett TN closer to Farmington Hills MI or St. George UT?,"Farmington Hills, MI"
Is New Haven CT closer to Blacksburg VA or Abilene TX?,"Blacksburg, VA"
Is Zephyrhills FL closer to Charlottesville VA or Baldwin Park CA?,"Charlottesville, VA"
Is Washington DC closer to Newton MA or Hammond LA?,"Newton, MA"
Is Pompano Beach FL closer to Smyrna GA or Lake Charles LA?,"Smyrna, GA"
Is Mansfield OH closer to Castro Valley CA or South Gate CA?,"Castro Valley, CA"
Is Anchorage AK closer to Passaic NJ or Kenner LA?,"Passaic, NJ"
Is Baytown TX closer to Cupertino CA or Ames IA?,"Cupertino, CA"
Is Quincy MA closer to Richardson TX or Carbondale IL?,"Richardson, TX"
Is Burien WA closer to Frederick MD or Riverside CA?,"Frederick, MD"
Is Owensboro KY closer to Madison WI or South Jordan UT?,"Madison, WI"
Is Louisville KY closer to Wheaton IL or Manchester NH?,"Wheaton, IL"
Is Owensboro KY closer to Chico CA or Mount Vernon NY?,"Chico, CA"
Is Fullerton CA closer to Yucaipa CA or Bossier City LA?,"Yucaipa, CA"
Is Danbury CT closer to League City TX or Watsonville CA?,"League City, TX"
Is Columbus GA closer to Hattiesburg MS or Union City CA?,"Hattiesburg, MS"
Is Hollywood FL closer to Pittsburgh PA or Savannah GA?,"Pittsburgh, PA"
Is New York NY closer to Garland TX or Apopka FL?,"Garland, TX"
Is Madison AL closer to Farmington Hills MI or Maple Grove MN?,"Farmington Hills, MI"
Is Cleveland OH closer to Newton MA or DeKalb IL?,"Newton, MA"
Is Vista CA closer to Brooklyn NY or Rockford IL?,"Brooklyn, NY"
Is Cathedral City CA closer to Nashville TN or Midland MI?,"Nashville, TN"
Is Chico CA closer to Tyler TX or Lake Charles LA?,"Tyler, TX"
Is Hartford CT closer to Brockton MA or Scottsdale AZ?,"Brockton, MA"
Is Memphis TN closer to Moreno Valley CA or Brentwood CA?,"Moreno Valley, CA"
Is Baytown TX closer to Woodland CA or Bloomington IL?,"Woodland, CA"
Is Fort Collins CO closer to Peoria AZ or Blacksburg VA?,"Peoria, AZ"
Is Alton IL closer to Stockton CA or Hammond LA?,"Stockton, CA"
Is Salt Lake City UT closer to Lenexa KS or Hazleton PA?,"Lenexa, KS"
Is Redwood City CA closer to Panama City FL or Virginia Beach VA?,"Panama City, FL"
Is Tinley Park IL closer to Novi MI or Santa Fe NM?,"Novi, MI"
Is Fishers IN closer to Miami Gardens FL or Bangor ME?,"Miami Gardens, FL"
Is Sunrise Manor NV closer to Pottstown PA or Yucaipa CA?,"Pottstown, PA"
Is Fayetteville AR closer to Eden Prairie MN or Pottstown PA?,"Eden Prairie, MN"
Is San Marcos TX closer to Columbia SC or Lebanon PA?,"Columbia, SC"
Is Inglewood CA closer to Washington DC or Honolulu HI?,"Washington, DC"
Is Fresno CA closer to Clifton NJ or Staunton VA?,"Clifton, NJ"
Is Bellevue NE closer to Lehi UT or Union City CA?,"Lehi, UT"
Is Pasadena TX closer to Warner Robins GA or Orland Park IL?,"Warner Robins, GA"
Is Minneapolis MN closer to New Bedford MA or Cupertino CA?,"New Bedford, MA"
Is Southaven MS closer to Carson CA or Queens NY?,"Carson, CA"
Is Milford CT closer to Lexington KY or St. Peters MO?,"Lexington, KY"
Is Redwood City CA closer to Shawnee KS or Williamsport PA?,"Shawnee, KS"
Is Rancho Cucamonga CA closer to Ithaca NY or Perris CA?,"Ithaca, NY"
Is Birmingham AL closer to Albuquerque NM or Hanover PA?,"Albuquerque, NM"
Is White Plains NY closer to Cheyenne WY or Danbury CT?,"Danbury, CT"
Is Weymouth MA closer to Tulsa OK or Bangor ME?,"Tulsa, OK"
Is Sugar Land TX closer to Mount Pleasant SC or Montgomery AL?,"Mount Pleasant, SC"
Is Ellicott City MD closer to Moore OK or Sacramento CA?,"Moore, OK"
Is Carrollton TX closer to Fort Smith AR or Eau Claire WI?,"Fort Smith, AR"
Is Athens GA closer to Summerville SC or Odessa TX?,"Summerville, SC"
Is Buffalo NY closer to Spartanburg SC or Weirton WV?,"Spartanburg, SC"
Is Westland MI closer to Sebring FL or Peabody MA?,"Peabody, MA"
Is Millcreek UT closer to Bellingham WA or Hampton VA?,"Bellingham, WA"
Is Seattle WA closer to Arlington VA or Salinas CA?,"Salinas, CA"
Is Burien WA closer to Odessa TX or Grand Forks ND?,"Grand Forks, ND"
Is Mansfield TX closer to Bowling Green KY or Richland WA?,"Bowling Green, KY"
Is South Hill WA closer to Bayonne NJ or Warren MI?,"Bayonne, NJ"
Is Decatur AL closer to Nashua NH or Topeka KS?,"Topeka, KS"
Is Hoboken NJ closer to Racine WI or Miami Beach FL?,"Miami Beach, FL"
Is Manchester NH closer to Greensboro NC or Georgetown TX?,"Greensboro, NC"
Is Pinellas Park FL closer to Hazleton PA or Fountain Valley CA?,"Hazleton, PA"
Is Novi MI closer to Ann Arbor MI or Middletown NY?,"Ann Arbor, MI"
Is Hacienda Heights CA closer to Buckeye AZ or Raleigh NC?,"Buckeye, AZ"
Is Glens Falls NY closer to San Jose CA or Euless TX?,"Euless, TX"
Is Anderson IN closer to Lacey WA or Brownsville TX?,"Lacey, WA"
Is Cary NC closer to New Haven CT or Portland ME?,"New Haven, CT"
Is Palm Coast FL closer to Dover DE or Buffalo NY?,"Dover, DE"
Is Watsonville CA closer to Town 'n' Country FL or Vista CA?,"Town 'n' Country, FL"
Is Mount Vernon WA closer to Lewisville TX or El Monte CA?,"Lewisville, TX"
Is Bentonville AR closer to Redding CA or Allentown PA?,"Redding, CA"
Is Beloit WI closer to San Marcos CA or West Haven CT?,"San Marcos, CA"
Is Toledo OH closer to Vallejo CA or Waterbury CT?,"Vallejo, CA"
Is Prescott Valley AZ closer to Livermore CA or Smyrna GA?,"Livermore, CA"
Is Spring Hill FL closer to Harrisonburg VA or Casper WY?,"Harrisonburg, VA"
Is Lake Jackson TX closer to Newark NJ or Woodland CA?,"Newark, NJ"
Is Albany NY closer to Tamarac FL or Alameda CA?,"Tamarac, FL"
Is Houma LA closer to Gadsden AL or Warren MI?,"Gadsden, AL"
Is Benton Harbor MI closer to Bronx NY or Newark OH?,"Bronx, NY"
Is Pittsburgh PA closer to Conroe TX or Oshkosh WI?,"Conroe, TX"
Is Sunrise FL closer to Hammond IN or Tulare CA?,"Hammond, IN"
Is Hanover PA closer to St. Joseph MO or Laguna Niguel CA?,"St. Joseph, MO"
Is Davenport IA closer to South Jordan UT or Maricopa AZ?,"South Jordan, UT"
Is New Braunfels TX closer to Atlanta GA or Hinesville GA?,"Atlanta, GA"
Is Danbury CT closer to Hendersonville TN or Kenner LA?,"Hendersonville, TN"
Is Port Orange FL closer to Fort Myers FL or Arlington TX?,"Fort Myers, FL"
Is Petaluma CA closer to Woodbury MN or Escondido CA?,"Woodbury, MN"
Is San Juan PR closer to Plymouth MN or Kendale Lakes FL?,"Plymouth, MN"
Is Denton TX closer to Madera CA or Santee CA?,"Madera, CA"
Is Waltham MA closer to Killeen TX or Midland MI?,"Killeen, TX"
Is Brooklyn Park MN closer to Stonecrest GA or Sparks NV?,"Stonecrest, GA"
Is Nampa ID closer to Grand Island NE or Knoxville TN?,"Grand Island, NE"
Is St. Cloud FL closer to Garland TX or Florence-Graham CA?,"Garland, TX"
Is Aspen Hill MD closer to Mesa AZ or Harlingen TX?,"Mesa, AZ"
Is Scranton PA closer to Carlsbad CA or College Station TX?,"Carlsbad, CA"
Is Layton UT closer to Taylorsville UT or Pleasanton CA?,"Taylorsville, UT"
Is Livonia MI closer to Lenexa KS or New Brunswick NJ?,"Lenexa, KS"
Is Spring TX closer to Knoxville TN or Philadelphia PA?,"Knoxville, TN"
Is Hampton VA closer to College Station TX or Tacoma WA?,"College Station, TX"
Is Taylor MI closer to Oakland CA or Glendale CA?,"Oakland, CA"
Is Miami Gardens FL closer to Mission TX or St. George UT?,"Mission, TX"
Is Nashville TN closer to Mesa AZ or Brentwood CA?,"Mesa, AZ"
Is Gadsden AL closer to Malden MA or Chula Vista CA?,"Malden, MA"
Is Westminster CA closer to Boynton Beach FL or Brooklyn Park MN?,"Boynton Beach, FL"
Is Coeur d'Alene ID closer to Poinciana FL or Hoboken NJ?,"Poinciana, FL"
Is Minnetonka MN closer to Fairbanks AK or Davis CA?,"Fairbanks, AK"
Is White Plains NY closer to Olympia WA or Elizabeth NJ?,"Elizabeth, NJ"
Is Columbia MO closer to Ames IA or Plantation FL?,"Ames, IA"
Is Eau Claire WI closer to East Orange NJ or Jackson TN?,"East Orange, NJ"
Is Salem OR closer to Bozeman MT or Fall River MA?,"Bozeman, MT"
Is Scranton PA closer to Palo Alto CA or Rancho Cordova CA?,"Palo Alto, CA"
Is Fort Myers FL closer to Texarkana TX or Rochester NY?,"Texarkana, TX"
Is Yucaipa CA closer to Carmichael CA or Pflugerville TX?,"Carmichael, CA"
Is Jacksonville NC closer to Hemet CA or Rock Hill SC?,"Hemet, CA"
Is Moore OK closer to Newark OH or Sarasota FL?,"Newark, OH"
Is Clearwater FL closer to Houma LA or Shawnee KS?,"Houma, LA"
Is Santa Ana CA closer to Pasadena TX or San Diego CA?,"San Diego, CA"
Is Hayward CA closer to Huntersville NC or Chapel Hill NC?,"Huntersville, NC"
Is Rosemead CA closer to East Orange NJ or Colton CA?,"East Orange, NJ"
Is Elizabethtown KY closer to Kokomo IN or Coral Springs FL?,"Kokomo, IN"
Is Casa Grande AZ closer to Eastvale CA or Winchester VA?,"Eastvale, CA"
Is South Fulton GA closer to Westminster CO or Eau Claire WI?,"Westminster, CO"
Is Antioch CA closer to Grants Pass OR or Lewiston ME?,"Grants Pass, OR"
Is Lewiston ID closer to Corvallis OR or Tamiami FL?,"Corvallis, OR"
Is Evansville IN closer to Clarksville TN or McKinney TX?,"Clarksville, TN"
Is Frederick MD closer to South Fulton GA or Casas Adobes AZ?,"South Fulton, GA"
Is St. Augustine FL closer to Lake Havasu City AZ or Gilbert AZ?,"Lake Havasu City, AZ"
Is Rowland Heights CA closer to Lake Charles LA or Middletown OH?,"Lake Charles, LA"
Is Tracy CA closer to League City TX or Fort Wayne IN?,"League City, TX"
Is Federal Way WA closer to Ankeny IA or Encinitas CA?,"Ankeny, IA"
Is Marietta GA closer to Port Orange FL or San Luis Obispo CA?,"Port Orange, FL"
Is Warwick RI closer to Frisco TX or Lawrence KS?,"Frisco, TX"
Is Chula Vista CA closer to Decatur IL or Austin TX?,"Decatur, IL"
Is Columbia MD closer to Wausau WI or Daly City CA?,"Wausau, WI"
Is Wichita KS closer to East Orange NJ or Chattanooga TN?,"East Orange, NJ"
Is New Braunfels TX closer to Temecula CA or Grand Island NE?,"Temecula, CA"
Is Coral Springs FL closer to Panama City FL or Kannapolis NC?,"Panama City, FL"
Is Twin Falls ID closer to Philadelphia PA or Mansfield OH?,"Philadelphia, PA"
Is Palm Desert CA closer to McAllen TX or Rancho Cucamonga CA?,"McAllen, TX"
Is Southfield MI closer to Longview TX or Santa Cruz CA?,"Longview, TX"
Is Zephyrhills FL closer to Mesa AZ or San Francisco CA?,"Mesa, AZ"
Is Aliso Viejo CA closer to Guaynabo PR or Alexandria VA?,"Guaynabo, PR"
Is Huntersville NC closer to South San Francisco CA or Guaynabo PR?,"South San Francisco, CA"
Is San Marcos CA closer to Lakewood CA or Pembroke Pines FL?,"Lakewood, CA"
Is Lawton OK closer to Spring Hill FL or Albany NY?,"Spring Hill, FL"
Is Overland Park KS closer to Lewisville TX or Shoreline WA?,"Lewisville, TX"
Is Orange CA closer to Yucaipa CA or Jersey City NJ?,"Yucaipa, CA"
Is Sunnyvale CA closer to Rocky Mount NC or Santa Ana CA?,"Santa Ana, CA"
Is Cathedral City CA closer to Delray Beach FL or Buckeye AZ?,"Buckeye, AZ"
Is West Covina CA closer to Mauldin SC or West Palm Beach FL?,"Mauldin, SC"
Is Round Rock TX closer to Sherman TX or Mount Vernon NY?,"Sherman, TX"
Is Sherman TX closer to Renton WA or New Braunfels TX?,"Renton, WA"
Is Roanoke VA closer to Jackson MI or Leesburg VA?,"Leesburg, VA"
Is Rowlett TX closer to Lodi CA or Joplin MO?,"Joplin, MO"
Is Longview WA closer to Evansville IN or Poughkeepsie NY?,"Poughkeepsie, NY"
Is Beckley WV closer to Johnson City TN or Tustin CA?,"Johnson City, TN"
Is Fort Lauderdale FL closer to Wichita KS or Knoxville TN?,"Wichita, KS"
Is Southfield MI closer to Gardena CA or Richmond CA?,"Gardena, CA"
Is Casa Grande AZ closer to Alexandria LA or St. Cloud FL?,"Alexandria, LA"
Is Mount Vernon NY closer to Alafaya FL or Pasadena CA?,"Alafaya, FL"
Is Williamsburg VA closer to Lake Jackson TX or Beaumont TX?,"Lake Jackson, TX"
Is Harrisonburg VA closer to Shreveport LA or Coconut Creek FL?,"Shreveport, LA"
Is Chino CA closer to Lorain OH or Lakewood WA?,"Lorain, OH"
Is Springfield MA closer to Beaverton OR or Bryan TX?,"Beaverton, OR"
Is White Plains NY closer to Monroe LA or South Bend IN?,"Monroe, LA"
Is Clearwater FL closer to Colorado Springs CO or Lafayette LA?,"Lafayette, LA"
Is Asheville NC closer to Vallejo CA or Logan UT?,"Logan, UT"
Is San Antonio TX closer to Brandon FL or Dearborn MI?,"Brandon, FL"
Is Cleveland TN closer to Hot Springs AR or Union City CA?,"Hot Springs, AR"
Is Levittown PA closer to Southaven MS or Evansville IN?,"Southaven, MS"
Is San Tan Valley AZ closer to Ogden UT or Trenton NJ?,"Ogden, UT"
Is Anderson IN closer to Schaumburg IL or West Bend WI?,"Schaumburg, IL"
Is Bellflower CA closer to Cambridge MA or San Leandro CA?,"Cambridge, MA"
Is Jacksonville FL closer to Castro Valley CA or Mission Viejo CA?,"Castro Valley, CA"
Is Cicero IL closer to Dalton GA or Augusta GA?,"Dalton, GA"
Is Grand Rapids MI closer to Duluth MN or Asheville NC?,"Duluth, MN"
Is Pensacola FL closer to Guaynabo PR or Frederick MD?,"Guaynabo, PR"
Is Berkeley CA closer to Beaumont TX or Coeur d'Alene ID?,"Beaumont, TX"
Is Lorain OH closer to Milford CT or Rockville MD?,"Milford, CT"
Is Highland CA closer to Charleston SC or Bellevue NE?,"Charleston, SC"
Is Winchester VA closer to Beaverton OR or Warren MI?,"Beaverton, OR"
Is Yuba City CA closer to Norman OK or Syracuse NY?,"Syracuse, NY"
Is Kingston NY closer to Poinciana FL or Mesquite TX?,"Poinciana, FL"
Is Westminster CA closer to Blaine MN or Myrtle Beach SC?,"Blaine, MN"
Is Johns Creek GA closer to Louisville KY or St. Clair Shores MI?,"Louisville, KY"
Is Woodbury MN closer to Delray Beach FL or Edina MN?,"Edina, MN"
Is West Sacramento CA closer to Watsonville CA or Quincy MA?,"Watsonville, CA"
Is Abilene TX closer to Vancouver WA or Norman OK?,"Vancouver, WA"
Is Arvada CO closer to Napa CA or Atlantic City NJ?,"Napa, CA"
Is Alexandria VA closer to Casa Grande AZ or Johns Creek GA?,"Casa Grande, AZ"
Is Wilmington NC closer to Buena Park CA or Kingsport TN?,"Buena Park, CA"
Is Paradise NV closer to Tracy CA or San Juan PR?,"Tracy, CA"
Is Lafayette IN closer to Redwood City CA or Fullerton CA?,"Redwood City, CA"
Is Layton UT closer to Chino CA or Reston VA?,"Chino, CA"
Is Yuba City CA closer to Huntersville NC or Milford CT?,"Huntersville, NC"
Is Concord CA closer to San Marcos TX or Bolingbrook IL?,"San Marcos, TX"
Is Ankeny IA closer to Rowland Heights CA or St. Charles MO?,"Rowland Heights, CA"
Is Rochester Hills MI closer to Palm Coast FL or Wheaton IL?,"Palm Coast, FL"
Is Clifton NJ closer to Garden Grove CA or Holland MI?,"Garden Grove, CA"
Is National City CA closer to Lima OH or Morgantown WV?,"Lima, OH"
Is Bethesda MD closer to McKinney TX or Columbus IN?,"McKinney, TX"
Is Salinas CA closer to Pittsburg CA or Santa Cruz CA?,"Salinas, CA"
Is Conroe TX closer to St. Paul MN or Ithaca NY?,"St. Paul, MN"
Is Gainesville GA closer to Lincoln NE or Weston FL?,"Lincoln, NE"
Is Odessa TX closer to Schenectady NY or Pasadena TX?,"Schenectady, NY"
Is Glens Falls NY closer to Escondido CA or Yakima WA?,"Escondido, CA"
Is Lewiston ID closer to Newark NJ or Temple TX?,"Newark, NJ"
Is Goldsboro NC closer to Greeley CO or Anderson IN?,"Greeley, CO"
Is Bay City MI closer to Pasco WA or Hattiesburg MS?,"Pasco, WA"
Is San Angelo TX closer to Cathedral City CA or Tigard OR?,"Cathedral City, CA"
Is Albany GA closer to Waukegan IL or Lewiston ME?,"Waukegan, IL"
Is Lawrence KS closer to Pleasanton CA or Wheaton IL?,"Pleasanton, CA"
Is Kendall FL closer to Chino CA or Citrus Heights CA?,"Chino, CA"
Is Bridgeport CT closer to Altoona PA or West Haven CT?,"Altoona, PA"
Is New Brunswick NJ closer to Racine WI or Provo UT?,"Racine, WI"
Is Melbourne FL closer to Vineland NJ or Fredericksburg VA?,"Vineland, NJ"
Is Milwaukee WI closer to Iowa City IA or Sumter SC?,"Iowa City, IA"
Is Alexandria LA closer to Parker CO or South Gate CA?,"Parker, CO"
Is Santa Ana CA closer to Columbus OH or Charlottesville VA?,"Columbus, OH"
Is San Marcos CA closer to Meridian ID or Mission Viejo CA?,"Meridian, ID"
Is Indianapolis IN closer to Summerville SC or Johnstown PA?,"Summerville, SC"
Is Hillsboro OR closer to Brooklyn NY or Hanover PA?,"Brooklyn, NY"
Is Johnstown PA closer to Westland MI or Gilbert AZ?,"Westland, MI"
Is Port St. Lucie FL closer to Wilmington NC or Weston FL?,"Wilmington, NC"
Is Sierra Vista AZ closer to Durham NC or Tucson AZ?,"Durham, NC"
Is Atlanta GA closer to Hartford CT or Bronx NY?,"Hartford, CT"
Is Baton Rouge LA closer to New Brunswick NJ or Aurora IL?,"New Brunswick, NJ"
Is Newport Beach CA closer to Elizabethtown KY or Corona CA?,"Elizabethtown, KY"
Is Glendora CA closer to Elkhart IN or Hesperia CA?,"Elkhart, IN"
Is Tigard OR closer to Encinitas CA or Missoula MT?,"Encinitas, CA"
Is Wheaton MD closer to Beaufort SC or Jurupa Valley CA?,"Beaufort, SC"
Is Nampa ID closer to Tampa FL or Charlotte NC?,"Tampa, FL"
Is Lake Elsinore CA closer to The Hammocks FL or El Monte CA?,"The Hammocks, FL"
Is Pinellas Park FL closer to Lakewood CO or Tinley Park IL?,"Lakewood, CO"
Is Livermore CA closer to Whittier CA or Elkhart IN?,"Whittier, CA"
Is Murfreesboro TN closer to Albany GA or Kenosha WI?,"Albany, GA"
Is Gaithersburg MD closer to Terre Haute IN or Anaheim CA?,"Terre Haute, IN"
Is Cartersville GA closer to Jacksonville NC or Quincy MA?,"Jacksonville, NC"
Is Ellicott City MD closer to Glendora CA or Arden-Arcade CA?,"Glendora, CA"
Is Billings MT closer to Kansas City KS or Lowell MA?,"Kansas City, KS"
Is Frederick MD closer to Naperville IL or Union City NJ?,"Naperville, IL"
Is High Point NC closer to Beaverton OR or Cheyenne WY?,"Beaverton, OR"
Is Bangor ME closer to Irving TX or Costa Mesa CA?,"Irving, TX"
Is Spartanburg SC closer to Tucson AZ or Poinciana FL?,"Tucson, AZ"
Is Hoboken NJ closer to Kentwood MI or South Fulton GA?,"Kentwood, MI"
Is Long Beach CA closer to Bloomington MN or Corpus Christi TX?,"Bloomington, MN"
Is Alameda CA closer to Simi Valley CA or Madison WI?,"Simi Valley, CA"
Is Coconut Creek FL closer to Eagle Pass TX or Skokie IL?,"Skokie, IL"
Is Visalia CA closer to Westland MI or San Mateo CA?,"San Mateo, CA"
Is Visalia CA closer to Great Falls MT or Glendora CA?,"Glendora, CA"
Is Kennewick WA closer to Garden Grove CA or Napa CA?,"Garden Grove, CA"
Is Columbia MD closer to Titusville FL or Thousand Oaks CA?,"Titusville, FL"
Is Clovis CA closer to Temple TX or Longview TX?,"Temple, TX"
Is Hickory NC closer to Lee's Summit MO or Raleigh NC?,"Raleigh, NC"
Is Largo FL closer to Manteca CA or Greeley CO?,"Greeley, CO"
Is Newark NJ closer to Titusville FL or Hilton Head Island SC?,"Titusville, FL"
Is La Crosse WI closer to Sandy Springs GA or Battle Creek MI?,"Sandy Springs, GA"
Is Baldwin Park CA closer to Flagstaff AZ or Battle Creek MI?,"Flagstaff, AZ"
Is Lafayette IN closer to Fishers IN or Titusville FL?,"Fishers, IN"
Is Hanford CA closer to Janesville WI or Daytona Beach FL?,"Daytona Beach, FL"
Is Alhambra CA closer to Carmel IN or Bismarck ND?,"Carmel, IN"
Is Rome GA closer to Pasadena CA or Aloha OR?,"Pasadena, CA"
Is The Hammocks FL closer to Pine Hills FL or Grand Island NE?,"Pine Hills, FL"
Is Sheboygan WI closer to San Marcos CA or Akron OH?,"Akron, OH"
Is Norwich CT closer to Lexington KY or Caguas PR?,"Lexington, KY"
Is Gastonia NC closer to North Little Rock AR or Dale City VA?,"North Little Rock, AR"
Is Bowling Green KY closer to Lake Elsinore CA or South Jordan UT?,"Lake Elsinore, CA"
Is Lincoln NE closer to Bangor ME or Brooklyn NY?,"Brooklyn, NY"
Is Elgin IL closer to Knoxville TN or Kentwood MI?,"Kentwood, MI"
Is Ankeny IA closer to Dublin CA or Rancho Cucamonga CA?,"Dublin, CA"
Is Chesapeake VA closer to Springfield IL or Lake Jackson TX?,"Lake Jackson, TX"
Is Lompoc CA closer to Pittsburg CA or Kettering OH?,"Pittsburg, CA"
Is Peoria IL closer to Tulare CA or South Fulton GA?,"Tulare, CA"
Is Boca Raton FL closer to Encinitas CA or Denver CO?,"Encinitas, CA"
Is Casas Adobes AZ closer to Honolulu HI or Colton CA?,"Colton, CA"
Is Somerville MA closer to St. Paul MN or York PA?,"St. Paul, MN"
Is Lehigh Acres FL closer to Omaha NE or San Mateo CA?,"Omaha, NE"
Is San Rafael CA closer to Methuen Town MA or Waldorf MD?,"Waldorf, MD"
Is Meriden CT closer to Mission Viejo CA or Rogers AR?,"Mission Viejo, CA"
Is Castro Valley CA closer to Rialto CA or Elizabethtown KY?,"Rialto, CA"
Is Mount Vernon WA closer to Huntington Beach CA or Mishawaka IN?,"Mishawaka, IN"
Is Germantown MD closer to Columbia SC or Wichita Falls TX?,"Columbia, SC"
Is Dublin CA closer to Bakersfield CA or Bend OR?,"Bakersfield, CA"
Is Monroe LA closer to Rowlett TX or Bullhead City AZ?,"Rowlett, TX"
Is Peoria IL closer to Monessen PA or Jacksonville NC?,"Monessen, PA"
Is Deerfield Beach FL closer to Dover NH or Cleveland TN?,"Dover, NH"
Is Pleasanton CA closer to Houston TX or Apopka FL?,"Houston, TX"
Is Newport Beach CA closer to Lake Charles LA or Mountain View CA?,"Lake Charles, LA"
Is New Rochelle NY closer to Eden Prairie MN or Johns Creek GA?,"Eden Prairie, MN"
Is Dalton GA closer to Spartanburg SC or Honolulu HI?,"Spartanburg, SC"
Is Pasco WA closer to Watsonville CA or Wenatchee WA?,"Watsonville, CA"
Is Bartlett TN closer to Decatur AL or Metairie LA?,"Decatur, AL"
Is Framingham MA closer to Rio Rancho NM or Lauderhill FL?,"Rio Rancho, NM"
Is Lubbock TX closer to Flower Mound TX or Malden MA?,"Flower Mound, TX"
Is Mission Viejo CA closer to Diamond Bar CA or Peoria AZ?,"Diamond Bar, CA"
Is Mandeville LA closer to Santa Ana CA or Pasco WA?,"Santa Ana, CA"
Is Springfield MA closer to Lexington KY or Albuquerque NM?,"Lexington, KY"
Is Spring Valley NV closer to Pasadena TX or Forney TX?,"Pasadena, TX"
Is Gilbert AZ closer to Tracy CA or Idaho Falls ID?,"Tracy, CA"
Is Germantown MD closer to Wilmington DE or Pasadena TX?,"Wilmington, DE"
Is Charlottesville VA closer to Woodland CA or Moore OK?,"Woodland, CA"
Is Alhambra CA closer to Provo UT or DeSoto TX?,"Provo, UT"
Is Hialeah FL closer to Wheaton MD or Pinellas Park FL?,"Wheaton, MD"
Is Port Charlotte FL closer to Broomfield CO or Metairie LA?,"Broomfield, CO"
Is Fond du Lac WI closer to Ocala FL or Margate FL?,"Ocala, FL"
Is Round Rock TX closer to Newark NJ or Austin TX?,"Austin, TX"
Is Bentonville AR closer to Jonesboro AR or Elgin IL?,"Jonesboro, AR"
Is Torrance CA closer to Winchester VA or Jersey City NJ?,"Huntington Beach, CA"
Is Oklahoma City OK closer to Jefferson City MO or Boulder CO?,"Jefferson City, MO"
Is Rio Rancho NM closer to Davie FL or Parker CO?,"Davie, FL"
Is Pittsburgh PA closer to Lynchburg VA or Panama City FL?,"Lynchburg, VA"
Is Rochester Hills MI closer to West Bend WI or East Orange NJ?,"West Bend, WI"
Is Erie PA closer to Westland MI or Fishers IN?,"Westland, MI"
Is Boca Raton FL closer to Southaven MS or Mankato MN?,"Southaven, MS"
Is Santa Maria CA closer to Santa Clara CA or Greenwood IN?,"Santa Clara, CA"
Is Bellingham WA closer to Pittsburg CA or Dothan AL?,"Pittsburg, CA"
Is Lansing MI closer to Buffalo NY or Bozeman MT?,"Buffalo, NY"
Is San Francisco CA closer to Gresham OR or Atlantic City NJ?,"Gresham, OR"
Is Grand Island NE closer to Pomona CA or Charlottesville VA?,"Pomona, CA"
Is Longmont CO closer to Bethesda MD or Chattanooga TN?,"Bethesda, MD"
Is Plano TX closer to Metairie LA or Oceanside CA?,"Metairie, LA"
Is Albany OR closer to Champaign IL or Margate FL?,"Champaign, IL"
Is San Angelo TX closer to Pocatello ID or Coeur d'Alene ID?,"Pocatello, ID"
Is Bremerton WA closer to Wilmington DE or Framingham MA?,"Wilmington, DE"
Is Norman OK closer to Portland ME or Savannah GA?,"Portland, ME"
Is Livermore CA closer to Florence AL or Camarillo CA?,"Florence, AL"
Is Chambersburg PA closer to Pembroke Pines FL or Durham NC?,"Pembroke Pines, FL"
Is Edmond OK closer to Brooklyn Park MN or Yuma AZ?,"Brooklyn Park, MN"
Is Boise ID closer to Kirkland WA or Edmond OK?,"Kirkland, WA"
Is Placentia CA closer to Miami FL or Youngstown OH?,"Miami, FL"
Is Portland ME closer to Danbury CT or Santa Cruz CA?,"Danbury, CT"
Is Charlottesville VA closer to Fishers IN or Dundalk MD?,"Fishers, IN"
Is Columbus GA closer to Doral FL or Norwich CT?,"Doral, FL"
Is Garden Grove CA closer to Menifee CA or St. George UT?,"Menifee, CA"
Is Queen Creek AZ closer to Yuba City CA or Wheaton IL?,"Yuba City, CA"
Is Missouri City TX closer to Fort Wayne IN or Altoona PA?,"Fort Wayne, IN"
Is Arcadia CA closer to Sparks NV or Longview WA?,"Sparks, NV"
Is New Brunswick NJ closer to Spring Valley NV or Downey CA?,"Spring Valley, NV"
Is Madison AL closer to Billings MT or Anderson SC?,"Billings, MT"
Is Boynton Beach FL closer to Melbourne FL or Pleasanton CA?,"Melbourne, FL"
Is West Covina CA closer to Wheaton MD or Ankeny IA?,"Wheaton, MD"
Is Marysville WA closer to Kannapolis NC or Duluth MN?,"Kannapolis, NC"
Is Burien WA closer to Trenton NJ or St. Joseph MO?,"Trenton, NJ"
Is El Paso de Robles CA closer to Clarksville TN or Rowland Heights CA?,"Clarksville, TN"
Is Norwalk CA closer to Flint MI or Carolina PR?,"Flint, MI"
Is Somerville MA closer to Bismarck ND or Gilbert AZ?,"Bismarck, ND"
Is Bristol TN closer to Upland CA or Pompano Beach FL?,"Upland, CA"
Is Hesperia CA closer to Albany GA or Kansas City MO?,"Kansas City, MO"
Is Atascocita TX closer to Roseville CA or Houston TX?,"Houston, TX"
Is Renton WA closer to Sumter SC or El Paso de Robles CA?,"El Paso de Robles, CA"
Is Allentown PA closer to El Cajon CA or Kenosha WI?,"Kenosha, WI"
Is Kendall FL closer to San Rafael CA or Pocatello ID?,"San Rafael, CA"
Is Kendale Lakes FL closer to Bellflower CA or Hagerstown MD?,"Bellflower, CA"
Is Plantation FL closer to Anaheim CA or Palm Bay FL?,"Palm Bay, FL"
Is Wenatchee WA closer to Paterson NJ or Thousand Oaks CA?,"Thousand Oaks, CA"
Is Hillsboro OR closer to El Paso de Robles CA or Titusville FL?,"El Paso de Robles, CA"
Is Haverhill MA closer to West Covina CA or Springdale AR?,"West Covina, CA"
Is Saratoga Springs NY closer to Murfreesboro TN or Clearwater FL?,"Clearwater, FL"
Is Baldwin Park CA closer to Texarkana TX or New Bedford MA?,"Texarkana, TX"
Is Apopka FL closer to Kankakee IL or Costa Mesa CA?,"Costa Mesa, CA"
Is Warren MI closer to Leesburg FL or Pearland TX?,"Leesburg, FL"
Is Davie FL closer to Miami Gardens FL or Dearborn Heights MI?,"Miami Gardens, FL"
Is Daphne AL closer to Fremont CA or Galveston TX?,"Galveston, TX"
Is Murfreesboro TN closer to Union City NJ or Pittsfield MA?,"Union City, NJ"
Is Stonecrest GA closer to Tampa FL or Brooklyn NY?,"Tampa, FL"
Is Country Club FL closer to Monroe LA or Wichita Falls TX?,"Monroe, LA"
Is Champaign IL closer to Novato CA or Davie FL?,"Novato, CA"
Is Rialto CA closer to Manhattan NY or Hammond IN?,"Hammond, IN"
Is Peoria IL closer to Port Arthur TX or Buffalo NY?,"Buffalo, NY"
Is Eagan MN closer to Peoria AZ or Billings MT?,"Billings, MT"
Is New York NY closer to Montebello CA or Sunnyvale CA?,"Sunnyvale, CA"
Is Perth Amboy NJ closer to Merced CA or Lawrence KS?,"Merced, CA"
Is Jacksonville FL closer to Nashua NH or Carmel IN?,"Nashua, NH"
Is Milpitas CA closer to Springfield MO or Queens NY?,"Springfield, MO"
Is Highlands Ranch CO closer to Anderson IN or St. Augustine FL?,"St. Augustine, FL"
Is Slidell LA closer to Oceanside CA or Mansfield TX?,"Oceanside, CA"
Is Monessen PA closer to Racine WI or Tamarac FL?,"Racine, WI"
Is Chico CA closer to Normal IL or Hagerstown MD?,"Normal, IL"
Is Bellflower CA closer to Framingham MA or Oakland CA?,"Framingham, MA"
Is Cedar Rapids IA closer to Westland MI or Richardson TX?,"Westland, MI"
Is Sheboygan WI closer to Kendale Lakes FL or Eugene OR?,"Kendale Lakes, FL"
Is Killeen TX closer to Surprise AZ or Waldorf MD?,"Surprise, AZ"
Is Virginia Beach VA closer to Spring TX or Coconut Creek FL?,"Spring, TX"
Is Evansville IN closer to Florence SC or Westminster CO?,"Florence, SC"
Is St. Petersburg FL closer to Delray Beach FL or Orem UT?,"Delray Beach, FL"
Is Florence-Graham CA closer to Lancaster CA or Aurora CO?,"Lancaster, CA"
Is Dublin CA closer to Dubuque IA or Durham NC?,"Dubuque, IA"
Is Kannapolis NC closer to Wausau WI or Cartersville GA?,"Wausau, WI"
Is West Valley City UT closer to Kent WA or Fountain Valley CA?,"Kent, WA"
Is Temple TX closer to Grand Island NE or Glendale AZ?,"Temple, TX"
Is Columbus GA closer to Beloit WI or Springfield MA?,"Beloit, WI"
Is Corona CA closer to Elizabeth NJ or Hickory NC?,"Elizabeth, NJ"
Is Concord CA closer to Jacksonville NC or Albuquerque NM?,"Jacksonville, NC"
Is Florence AL closer to Southaven MS or Alhambra CA?,"Southaven, MS"
Is Chula Vista CA closer to Knoxville TN or Detroit MI?,"Knoxville, TN"
Is Caldwell ID closer to Honolulu HI or Silver Spring MD?,"Silver Spring, MD"
Is Levittown NY closer to Glendora CA or Albany NY?,"Glendora, CA"
Is East Stroudsburg PA closer to West Haven CT or Williamsburg VA?,"West Haven, CT"
Is Burlington VT closer to Midland TX or Santee CA?,"Midland, TX"
Is Sherman TX closer to Concord NC or Apex NC?,"Concord, NC"
Is Pueblo CO closer to Boca Raton FL or Sarasota FL?,"Boca Raton, FL"
Is Wilmington DE closer to Cheyenne WY or Brentwood CA?,"Cheyenne, WY"
Is Livermore CA closer to O'Fallon MO or Rowlett TX?,"O'Fallon, MO"
Is Chicopee MA closer to Mandeville LA or Torrance CA?,"Mandeville, LA"
Is Baldwin Park CA closer to Visalia CA or Muskegon MI?,"Visalia, CA"
Is Beloit WI closer to Brandon FL or Parma OH?,"Brandon, FL"
Is Wheaton IL closer to Shreveport LA or Warwick RI?,"Shreveport, LA"
Is Apple Valley CA closer to Aliso Viejo CA or DeKalb IL?,"Aliso Viejo, CA"
Is Blaine MN closer to White Plains NY or Placentia CA?,"White Plains, NY"
Is Rochester MN closer to Parma OH or Cartersville GA?,"Parma, OH"
Is Richmond VA closer to Rialto CA or Peoria IL?,"Peoria, IL"
Is Savannah GA closer to Jupiter FL or Pleasanton CA?,"Jupiter, FL"
Is Greenville NC closer to Burlington VT or Elizabeth NJ?,"Burlington, VT"
Is Carmichael CA closer to Redondo Beach CA or Mission TX?,"Redondo Beach, CA"
Is Delano CA closer to Youngstown OH or Spokane Valley WA?,"Youngstown, OH"
Is Titusville FL closer to Carmel IN or South Bend IN?,"Carmel, IN"
Is Jurupa Valley CA closer to Lake Jackson TX or Ontario CA?,"Lake Jackson, TX"
Is Albany GA closer to Cleveland OH or Los Lunas NM?,"Cleveland, OH"
Is Pocatello ID closer to Fredericksburg VA or Bellingham WA?,"Bellingham, WA"
Is Napa CA closer to Warwick RI or Indio CA?,"Warwick, RI"
Is Fargo ND closer to Brunswick GA or Chicopee MA?,"Brunswick, GA"
Is Milpitas CA closer to West Haven CT or Sandy Springs GA?,"West Haven, CT"
Is Port Arthur TX closer to West Covina CA or Kannapolis NC?,"West Covina, CA"
Is Binghamton NY closer to Waukegan IL or Wellington FL?,"Waukegan, IL"
Is Minnetonka MN closer to Des Moines IA or Charlotte NC?,"Des Moines, IA"
Is Lansing MI closer to Ontario CA or Greeley CO?,"Ontario, CA"
Is Pine Hills FL closer to Arcadia CA or Plainfield NJ?,"Arcadia, CA"
Is Weston FL closer to Collierville TN or Peoria AZ?,"Collierville, TN"
Is Diamond Bar CA closer to Davis CA or Texas City TX?,"Davis, CA"
Is Cupertino CA closer to Helena MT or North Miami FL?,"Helena, MT"
Is St. Clair Shores MI closer to Lauderhill FL or Burnsville MN?,"Lauderhill, FL"
Is Catalina Foothills AZ closer to Kendale Lakes FL or Glens Falls NY?,"Kendale Lakes, FL"
Is Aurora CO closer to Atlanta GA or Coon Rapids MN?,"Atlanta, GA"
Is Pittsburgh PA closer to Waldorf MD or Collierville TN?,"Waldorf, MD"
Is Stonecrest GA closer to Vista CA or South Hill WA?,"Vista, CA"
Is Arlington VA closer to Kenosha WI or Carson City NV?,"Kenosha, WI"
Is Levittown NY closer to Las Cruces NM or South San Francisco CA?,"Las Cruces, NM"
Is Bellingham WA closer to Mount Vernon WA or Carmichael CA?,"Mount Vernon, WA"
Is Redding CA closer to Wyoming MI or DeKalb IL?,"Wyoming, MI"
Is Alexandria VA closer to San Tan Valley AZ or Redmond WA?,"San Tan Valley, AZ"
Is Spring TX closer to Walla Walla WA or South Lyon MI?,"Walla Walla, WA"
Is Orland Park IL closer to Murrieta CA or The Villages FL?,"Murrieta, CA"
Is Plainfield NJ closer to High Point NC or Pflugerville TX?,"High Point, NC"
Is Monterey Park CA closer to Mishawaka IN or Dayton OH?,"Mishawaka, IN"
Is Waldorf MD closer to Buena Park CA or Meridian ID?,"Buena Park, CA"
Is Stonecrest GA closer to Pharr TX or St. Paul MN?,"Pharr, TX"